image_id,Full_Caption,Generic_Caption,CLIP_Full,CLIP_Generic,SPECS_Score,Word_Count
sm_1.jpg,"In front of you, there is a white chair positioned on the left side of the image. The chair is empty and appears to be the main focus of the scene. The chair is placed in front of a rack filled with various jackets, which are hanging on a wall. The jackets come in different colors and sizes, creating a diverse and visually interesting display. The arrangement of the jackets and the chair creates a sense of depth and balance in the image.",front is chair positioned side image chair appears focus scene chair placed front rack filled jackets hanging wall jackets come colors sizes creating display arrangement jackets chair creates sense depth balance image,0.37334802746772766,0.30292558670043945,7.042244076728821,83
sm_10.jpg,"In front of you, there is a black chair placed on a white tile floor. The chair is positioned in the center of the room, and it appears to be the main focus of the scene. There is a person standing in the background, taking a picture of the chair. The person is located towards the right side of the room, and their presence adds an element of human interaction to the otherwise empty space.",front is chair placed tile floor chair positioned center room appears focus scene is person standing background taking picture chair person located side room presence adds element interaction space,0.25770431756973267,0.2809939980506897,-2.328968048095703,75
sm_100.jpg,"In the image, there is a man walking in a grocery store, passing by a display of green bottles. The man is wearing a red shirt and blue jeans. The grocery store has a variety of items on display, including a shelf with multiple bottles on it. There is also a person standing near the left edge of the image, possibly browsing the store or waiting for someone. The overall atmosphere of the scene is that of a typical grocery store setting.",image is man walking grocery store passing display bottles man wearing shirt jeans grocery store has variety items display including shelf bottles is person standing edge image browsing store waiting atmosphere scene grocery store setting,0.34221094846725464,0.3140071928501129,2.8203755617141724,82
sm_11.jpg,"In front of you, there is a display of snacks, including chips and crackers, arranged on a shelf. The shelf is filled with various snack items, making it an inviting sight for customers. A person is standing behind the display, possibly attending to customers or managing the snack area. The overall scene appears to be a store or a snack bar where people can purchase and enjoy these tasty treats.",front is display snacks including chips crackers arranged shelf shelf filled snack items making inviting sight customers person standing display attending customers managing snack area scene appears store snack bar people purchase enjoy treats,0.31029030680656433,0.3314584791660309,-2.1168172359466553,70
sm_12.jpg,"As a blind person, you are standing in front of a red cart filled with various snacks. The cart is placed on a tile floor, and there are several shelves on display, each containing different snack options. The shelves are arranged in a way that allows you to easily access and choose from the available snacks. The cart is positioned in the middle of the scene, making it the main focus of the image.",person standing front cart filled snacks cart placed tile floor are shelves display containing snack options shelves arranged way allows access choose snacks cart positioned middle scene making focus image,0.3358220160007477,0.3191952109336853,1.6626805067062378,74
sm_13.jpg,"In the image, there is a woman standing in front of a display of clothing, possibly a store or a market. She is reaching for a shirt hanging on a rack. There are several other people in the scene, some of them standing near the woman and others further away. The environment appears to be a busy area with people shopping or browsing through the available clothing. The woman is focused on selecting a shirt, while the other people are engaged in their own activities. The overall atmosphere seems lively and bustling.",image is woman standing front display clothing store market reaching shirt hanging rack are people scene standing woman others environment appears area people shopping browsing clothing woman focused selecting shirt people engaged activities atmosphere seems,0.3097657561302185,0.3131624758243561,-0.3396719694137573,92
sm_14.jpg,"In front of you, there is a table with various items on it, including a bowl and a handbag. A woman is standing near the table, possibly browsing the items. There are also other people in the scene, some of whom are standing or walking around. The environment appears to be a busy area, possibly a market or a shopping center.",front is table items including bowl handbag woman standing table browsing items are people scene standing walking environment appears area market shopping center,0.3299076557159424,0.31140846014022827,1.8499195575714111,61
sm_15.jpg,"In front of you, there is a store filled with various items. A large display of handbags is prominently featured, with different colors and sizes. Some handbags are placed on a shelf, while others are placed on the floor. There are also suitcases and a clock in the store. There are several people in the store, with one man standing near the handbags and another man standing near the suitcases. A woman is also present in the store, possibly browsing the items or assisting customers. The store appears to be well-stocked and organized, making it an inviting space for shoppers.",front is store filled items display handbags featured colors sizes handbags placed shelf others placed floor are suitcases clock store are people store one man standing handbags man standing suitcases woman store browsing items assisting customers store appears stocked organized making inviting space shoppers,0.32447242736816406,0.2962193489074707,2.825307846069336,100
sm_16.jpg,"In front of you, there is a shoe store with a large display of shoes. The shoes are arranged in rows, with some placed on a shelf and others on the floor. The shoes come in various styles and colors, creating an eye-catching and diverse collection. A person can be seen in the background, possibly browsing the shoe selection or assisting customers. The overall atmosphere of the scene is that of a well-organized and inviting shoe store.",front is shoe store display shoes shoes arranged rows placed shelf others floor shoes come styles colors creating eye catching collection person seen background browsing shoe selection assisting customers atmosphere scene organized inviting shoe store,0.33087626099586487,0.30353015661239624,2.734610438346863,77
sm_17.jpg,"As a blind person, I am standing in a room with a large display of shoes and handbags. The shoes are arranged on shelves, and there are several handbags placed throughout the room. The room appears to be well-lit, and the shoes and handbags are the main objects in the scene. There are no people visible in the image.",person standing room display shoes handbags shoes arranged shelves are handbags placed room room appears lit shoes handbags objects scene are people image,0.3257928490638733,0.3200594186782837,0.57334303855896,59
sm_18.jpg,"In the image, there is a man standing in a shoe store, taking a picture of himself in the mirror. The store is filled with various shoe displays, including multiple rows of shoes on shelves and tables. Some shoes are placed closer to the man, while others are further away. There are several other people in the store, some of whom are browsing the shoe selection. A handbag can be seen in the store, placed near the right side of the image. The overall atmosphere of the store is busy and filled with people looking for the perfect pair of shoes.",image is man standing shoe store taking picture mirror store filled shoe displays including rows shoes shelves tables shoes placed man others are people store browsing shoe selection handbag seen store placed side image atmosphere store filled people looking pair shoes,0.3567593991756439,0.3303554654121399,2.640393376350403,101
sm_19.jpg,"In the image, there is a group of people standing in a shoe store. They are surrounded by various shelves and racks filled with different types of shoes. The people are engaged in conversation and browsing the shoe selection. The shoes come in different sizes and styles, and the store appears to be well-stocked with a diverse range of options. The atmosphere seems to be lively and social, as the people interact with each other and explore the shoe store.",image is group people standing shoe store surrounded shelves racks filled types shoes people engaged conversation browsing shoe selection shoes come sizes styles store appears stocked range options atmosphere seems people interact explore shoe store,0.3150620758533478,0.31802088022232056,-0.29588043689727783,80
sm_2.jpg,"In front of you, there is a large store filled with various items. The store has a sale sign on display, indicating that there are discounts available. The store is well-lit, with lights illuminating the space. There are several people in the store, with one man standing near the center of the store, and another man standing closer to the right side of the store. They seem to be browsing the items available for sale. The store is filled with a wide variety of items, including clothing and other merchandise. There are multiple shelves and racks displaying the items, and a large number of items are placed throughout the store. The store appears to be well-stocked and offers a diverse selection of products for customers to choose from.",front is store filled items store has sale sign display indicating are discounts store lit lights illuminating space are people store one man standing center store man standing side store seem browsing items sale store filled variety items including clothing merchandise are shelves racks displaying items number items placed store store appears stocked offers selection products customers choose,0.30719348788261414,0.25083452463150024,5.635896325111389,128
sm_20.jpg,"In front of you, there is a large display of luggage and bags. The display consists of various suitcases and handbags, some of which are pink. There are also a couple of backpacks in the scene. 

There are several people in the area, with some standing near the luggage display and others scattered throughout the scene. A bicycle is also visible in the background, positioned on the left side of the image. Additionally, there is a person wearing a backpack, which is located towards the right side of the scene.",front is display luggage bags display consists suitcases handbags are couple backpacks scene are people area standing luggage display others scattered scene bicycle background positioned side image is person wearing backpack located side scene,0.3202495574951172,0.31639912724494934,0.38504302501678467,90
sm_21.jpg,"In front of you, there is a large display of luggage and shoes in a store. The luggage is arranged in various sizes and colors, with some suitcases placed on the floor and others stacked on top of each other. There are also several handbags and backpacks displayed in the store. There are multiple people in the store, browsing and shopping for their belongings. Some of them are closer to the front of the store, while others are scattered throughout the area. The store appears to be a popular destination for shoppers looking for luggage and shoes.",front is display luggage shoes store luggage arranged sizes colors suitcases placed floor others stacked top are handbags backpacks displayed store are people store browsing shopping belongings front store others scattered area store appears destination shoppers looking luggage shoes,0.3178727924823761,0.3283625841140747,-1.0489791631698608,97
sm_22.jpg,"In the image, there is a store filled with a large variety of shoes on display. The shoes are arranged on shelves and in racks, with some placed closer to the front and others further back. There are several people in the store, browsing and examining the shoes. Some of the individuals are standing closer to the front, while others are located near the back of the store. The overall atmosphere appears to be that of a shoe store, with customers exploring the diverse selection of footwear available.",image is store filled variety shoes display shoes arranged shelves racks placed front others are people store browsing examining shoes individuals standing front others located back store atmosphere appears shoe store customers exploring selection footwear,0.35403865575790405,0.32355058193206787,3.048807382583618,88
sm_23.jpg,"In front of you, there is a store with a large window display showcasing a variety of shoes. The shoes are arranged in different sections, with some placed on a bench and others on a table. The bench is red and located near the window display. There are also a few bottles visible in the scene, one near the top right corner and another near the top left corner. Additionally, there is a person standing in the background, possibly a customer or an employee.",front is store window display showcasing variety shoes shoes arranged sections placed bench others table bench located window display are bottles scene one corner corner is person standing background customer employee,0.31176766753196716,0.30530452728271484,0.6463140249252319,84
sm_24.jpg,"In front of you, there is a large display of clothing in a store. The clothing is arranged on shelves and racks, with various sizes and colors. Some of the items include shirts, jeans, and dresses. The shirts are displayed in different sections of the store, while the jeans and dresses are placed together. The store appears to be well-organized and inviting for customers to browse and shop.",front is display clothing store clothing arranged shelves racks sizes colors items include shirts jeans dresses shirts displayed sections store jeans dresses placed store appears organized inviting customers browse shop,0.3340550661087036,0.31365466117858887,2.0400404930114746,68
sm_25.jpg,"In the image, there is a group of people standing outside a store, with some of them riding bicycles. The store appears to be a clothing shop, as there are several mannequins visible in the window. The people are gathered in front of the store, possibly waiting to enter or just socializing. Some of them are carrying handbags, indicating that they might be shopping or running errands. The scene is bustling with activity, and the people seem to be engaged in various activities.",image is group people standing store riding bicycles store appears clothing shop are mannequins window people gathered front store waiting enter socializing carrying handbags indicating shopping running errands scene bustling activity people seem engaged activities,0.2919127643108368,0.27479809522628784,1.711466908454895,83
sm_26.jpg,"The scene is set on a street with a group of people riding motorcycles. There are several motorcycles in the image, with some riders wearing long dresses. The people are spread out along the street, with some closer to the foreground and others further back. In addition to the motorcyclists, there are a few people walking along the street, and a couple of individuals are standing near the motorcycles. The overall atmosphere appears to be lively and social, with people enjoying their time on the street.",scene set street group people riding motorcycles are motorcycles image riders wearing dresses people spread street foreground others addition motorcyclists are people walking street couple individuals standing motorcycles atmosphere appears people enjoying time street,0.29131457209587097,0.28759709000587463,0.3717482089996338,86
sm_27.jpg,"In the image, there is a group of people gathered in a room, with some of them standing near a counter. The room appears to be a store, possibly a clothing store, as there are several people browsing through the items on display. There are a few people standing in the foreground, while others are positioned further back in the scene. A man is standing in front of a counter, possibly looking at a menu or a piece of paper. There are also a couple of handbags visible in the room, one near the center and the other towards the right side of the image. The overall atmosphere of the scene is that of a casual gathering or shopping experience, with people engaging with the items on display and interacting with each other.",image is group people gathered room standing counter room appears store clothing store are people browsing items display are people standing foreground others positioned scene man standing front counter looking menu piece paper are couple handbags room one center side image atmosphere scene gathering shopping experience people engaging items display interacting,0.29255419969558716,0.2597476541996002,3.280654549598694,133
sm_28.jpg,"In the image, there is a group of people standing in a room, possibly a store or a showroom. They are looking at a display of shoes, which are arranged on a table and on the floor. The people are positioned in various locations within the room, with some standing closer to the shoes and others further away. The overall atmosphere appears to be that of a shopping experience, with the individuals browsing and considering the available footwear options.",image is group people standing room store showroom looking display shoes arranged table floor people positioned locations room standing shoes others atmosphere appears shopping experience individuals browsing considering footwear options,0.3326271176338196,0.3388223946094513,-0.6195276975631714,79
sm_29.jpg,"As a blind person, you are standing in a grocery store, surrounded by a variety of fruits and vegetables. In front of you, there is a large display of apples, with several different types and colors arranged neatly. You can also see a variety of oranges, placed in different sections of the store. There are several people in the store, some of them browsing the produce section, while others are walking around or engaging in conversation. A few of the people are standing close to the apples, possibly considering which ones to purchase. The overall atmosphere of the store is lively and bustling, with people going about their shopping activities.",person standing grocery store surrounded variety fruits vegetables front is display apples types colors arranged see variety oranges placed sections store are people store browsing produce section others walking engaging conversation people standing apples considering ones purchase atmosphere store people going shopping activities,0.32451122999191284,0.2869815528392792,3.7529677152633667,110
sm_3.jpg,"As a blind person, I am standing in a room with a large number of clothes displayed on racks. The clothes are arranged in various sections, with some hanging from the ceiling and others placed on the floor. The room appears to be a clothing store or a warehouse, with the clothes being the main focus of the environment. The room is well-lit, which makes it easier to navigate and identify the different types of clothing.",person standing room number clothes displayed racks clothes arranged sections hanging ceiling others placed floor room appears clothing store warehouse clothes focus environment room lit makes navigate identify types clothing,0.331533282995224,0.30837151408195496,2.3161768913269043,76
sm_30.jpg,"In the image, there is a man standing in front of a fruit stand at a market. The stand is filled with a variety of fruits, including apples, oranges, and watermelons. The man is holding a box of oranges, and there are other people in the background, browsing the market and shopping for fresh produce. The overall atmosphere of the scene is lively and bustling, with people engaging in various activities related to the market.",image is man standing front fruit stand market stand filled variety fruits including apples oranges watermelons man holding box oranges are people background browsing market shopping produce atmosphere scene people engaging activities related market,0.2908441126346588,0.28497475385665894,0.5869358777999878,75
sm_31.jpg,"In front of you, there is a grocery store with a variety of food items displayed. There are several carts filled with different products, including a cart with a stack of Alpine milk. The carts are arranged in a way that makes it easy for customers to browse and select their desired items. There are also a few people in the store, likely shopping or working. One person is located near the left side of the store, another person is in the middle, and the third person is on the right side. The store appears to be well-stocked and organized, providing a pleasant shopping experience for customers.",front is grocery store variety food items displayed are carts filled products including cart stack Alpine milk carts arranged way makes customers browse select desired items are people store shopping working One person located side store person middle person side store appears stocked organized providing shopping experience customers,0.2838823199272156,0.2433728575706482,4.050946235656738,107
sm_32.jpg,"In the image, there is a young man standing in a store, possibly a grocery store, with his arms crossed. He is positioned near a counter, and there are several other people in the store as well. A yellow shopping cart is located towards the left side of the scene, and a TV is mounted on the wall in the background. There is also a keyboard and a mouse on a surface, possibly a computer or a cash register. The store appears to be a busy place with people engaged in various activities.",image is man standing store grocery store arms crossed positioned counter are people store shopping cart located side scene TV mounted wall background is keyboard mouse surface computer cash register store appears place people engaged activities,0.29631415009498596,0.3010028004646301,-0.4688650369644165,93
sm_33.jpg,"In front of you, there is a man standing behind a counter in a bakery. He is wearing an orange shirt and appears to be working at the bakery. The counter is filled with various cakes and pastries, showcasing a wide selection of baked goods. The bakery has a clean and organized atmosphere, with the man attending to the customers and the baked items on display.",front is man standing counter bakery wearing shirt appears working bakery counter filled cakes pastries showcasing selection goods bakery has atmosphere man attending customers items display,0.3060714304447174,0.3193627595901489,-1.3291329145431519,66
sm_34.jpg,"As a blind person, I am standing in a large room with a wooden floor. In front of me, there is a set of stairs leading upwards. The room is filled with various objects, including a large number of bottles scattered throughout the space. Some of these bottles are placed on shelves, while others are placed on the floor. There are several people in the room, with one person standing near the top of the stairs and another person located closer to the center of the room. A bicycle can be seen in the background, positioned towards the right side of the room. Additionally, there is a chair placed near the center of the room.",person standing room floor front is set stairs leading room filled objects including number bottles scattered space bottles placed shelves others placed floor are people room one person standing top stairs person located center room bicycle seen background positioned side room is chair placed center room,0.2619384229183197,0.26837772130966187,-0.6439298391342163,115
sm_35.jpg,"In the image, there is a young girl pushing a shopping cart down a grocery store aisle. She is surrounded by various food items, including multiple bottles placed on different shelves. There are also several carrots scattered throughout the scene, with some closer to the girl and others further away. In addition to the girl, there are three other people in the store, with one person standing near the left side of the image, another person on the right side, and the third person located in the middle of the scene. The store appears to be well-stocked with a variety of food items for the customers to choose from.",image is girl pushing shopping cart grocery store aisle surrounded food items including bottles placed shelves are carrots scattered scene girl others addition girl are three people store one person standing side image person side person located middle scene store appears stocked variety food items customers choose,0.3250158429145813,0.29828473925590515,2.6731103658676147,109
sm_36.jpg,"As a blind person, you are standing in front of a grocery store display filled with various food items. The display is filled with different types of cookies, cakes, and other baked goods. There are multiple boxes of cookies, with some placed closer to the front and others further back. The cakes are arranged in a visually appealing manner, with some positioned closer to the front and others placed further back. The overall scene is a vibrant and colorful display of delicious treats, inviting customers to make a purchase.",person standing front grocery store display filled food items display filled types cookies cakes goods are boxes cookies placed front others cakes arranged appealing manner positioned front others placed scene display treats inviting customers make purchase,0.34065964818000793,0.30507537722587585,3.558427095413208,89
sm_37.jpg,"In the image, there is a man standing in a grocery store, looking at the snack food aisle. He is wearing a black shirt and appears to be browsing the snack options. The store has a variety of snacks, including chips, crackers, and other snack foods. There are also several bottles placed on the shelves, likely containing beverages or condiments. The man is positioned towards the center of the scene, and the grocery store seems to be well-stocked with a wide selection of snack foods.",image is man standing grocery store looking snack food aisle wearing shirt appears browsing snack options store has variety snacks including chips crackers snack foods are bottles placed shelves containing beverages condiments man positioned center scene grocery store seems stocked selection snack foods,0.33316752314567566,0.3179435133934021,1.522400975227356,85
sm_38.jpg,"In the image, a person is standing in a grocery store, surrounded by various products. There are multiple bottles placed on shelves, with some located closer to the person and others further away. The person is wearing a red sweater and appears to be browsing the items in the store. The scene is bustling with activity, as the person navigates through the aisles and interacts with the products.",image person standing grocery store surrounded products are bottles placed shelves located person others person wearing sweater appears browsing items store scene bustling activity person navigates aisles interacts products,0.30589109659194946,0.29968076944351196,0.62103271484375,68
sm_39.jpg,"In front of you, there is a large display of various cakes and cookies. The cakes are arranged in a stack, with some boxes placed on the floor. The cookies are also displayed in a stack, with some boxes placed on the floor. The display is filled with a variety of cakes and cookies, making it an attractive sight for anyone visiting the store.",front is display cakes cookies cakes arranged stack boxes placed floor cookies displayed stack boxes placed floor display filled variety cakes cookies making sight visiting store,0.27564001083374023,0.2851586937904358,-0.9518682956695557,64
sm_4.jpg,"In front of you, there is a large clothing store with a variety of shirts and dresses on display. The shirts are arranged in a rack, and the dresses are placed on a table. The store has a sign that reads 25% off or discount. The shirts are mostly orange and white, and the dresses come in different colors and patterns. The store appears to be well-stocked with a diverse selection of clothing items.",front is clothing store variety shirts dresses display shirts arranged rack dresses placed table store has sign reads 25 % discount shirts dresses come colors patterns store appears stocked selection clothing items,0.3294302821159363,0.3132944107055664,1.6135871410369873,74
sm_40.jpg,"In the image, there is a man walking down a hallway in a grocery store. He is wearing a black shirt and appears to be looking at something in front of him. Another person is also present in the scene, standing further back in the store. The hallway is lined with various food items, including several bottles placed at different positions along the way. The overall atmosphere of the scene is that of a typical grocery store setting.",image is man walking hallway grocery store wearing shirt appears looking front person scene standing store hallway lined food items including bottles placed positions way atmosphere scene grocery store setting,0.3372967541217804,0.3597395420074463,-2.2442787885665894,78
sm_41.jpg,"I am standing in a grocery store, surrounded by various food items and spices. In front of me, there is a shelf filled with different types of food, including canned goods and other packaged items. There are also several bottles placed on the shelf, likely containing condiments or beverages. The store appears to be well-stocked, with a wide variety of products available for purchase. The environment is organized and easy to navigate, making it a convenient place for shoppers to find what they need.",standing grocery store surrounded food items spices front is shelf filled types food including canned goods packaged items are bottles placed shelf containing condiments beverages store appears stocked variety products purchase environment organized navigate making place shoppers find need,0.32838737964630127,0.30742698907852173,2.096039056777954,84
sm_42.jpg,"In the image, there is a man standing in front of a grocery store shelf, pointing at a product. The shelf is filled with various items, including multiple bottles of different sizes and shapes. The man appears to be focused on a specific product, possibly discussing its features or making a decision about purchasing it. The scene is set in a grocery store, with the man being the main subject of the image.",image is man standing front grocery store shelf pointing product shelf filled items including bottles sizes shapes man appears focused product discussing features making decision purchasing scene set grocery store man subject image,0.29208871722221375,0.29002705216407776,0.20616650581359863,73
sm_43.jpg,"In the image, there is a woman standing in a grocery store, walking down an aisle. She is wearing a black shirt and appears to be looking at something on the floor. The store has a variety of food items, including multiple bottles placed throughout the aisle. The woman seems to be focused on her task, possibly searching for a specific product or checking the floor for any spills or debris.",image is woman standing grocery store walking aisle wearing shirt appears looking floor store has variety food items including bottles placed aisle woman seems focused task searching product checking floor spills debris,0.3285559415817261,0.3126172125339508,1.5938729047775269,71
sm_44.jpg,"In front of you, there is a grocery store with a variety of food items. There are several shelves filled with different products, including a large number of red packages. The packages are arranged in various positions, with some placed higher and others lower. In addition to the red packages, there are multiple bottles of different sizes and shapes scattered throughout the store. Some bottles are placed on the shelves, while others are located on the floor. The store appears to be well-stocked, offering a diverse selection of products for customers to choose from.",front is grocery store variety food items are shelves filled products including number packages packages arranged positions placed others addition packages are bottles sizes shapes scattered store bottles placed shelves others located floor store appears stocked offering selection products customers choose,0.300229012966156,0.2652536630630493,3.497534990310669,94
sm_45.jpg,"In front of you, there is a pink and orange refrigerator with the word Omore written on it. The refrigerator is located in a store, and there are several bottles placed on top of it. Additionally, there is a person standing behind the refrigerator, possibly browsing the store or attending to the refrigerator. The person is wearing a red shirt.",front is refrigerator word Omore written refrigerator located store are bottles placed top is person standing refrigerator browsing store attending refrigerator person wearing shirt,0.3874446153640747,0.2756683826446533,11.177623271942139,60
sm_46.jpg,"In front of you, there is a display case filled with various medications and healthcare products. The case is made of glass, and the items are arranged neatly inside. There are multiple bottles of different sizes and shapes, some of which are placed closer to the front, while others are positioned further back. A person can be seen in the background, possibly a customer or an employee. The overall scene appears to be a pharmacy or a store selling healthcare products.",front is display case filled medications healthcare products case made glass items arranged are bottles sizes shapes placed front others positioned person seen background customer employee scene appears pharmacy store selling healthcare products,0.317005455493927,0.3404543399810791,-2.34488844871521,81
sm_47.jpg,"In the image, there is a man standing in a grocery store, positioned in front of a large display of snacks. The man appears to be looking at the snacks, possibly deciding which ones to purchase. The snacks are arranged in various sections, with some placed higher up on the display and others positioned lower. The man is standing in the center of the scene, surrounded by the assortment of snacks.",image is man standing grocery store positioned front display snacks man appears looking snacks deciding ones purchase snacks arranged sections placed display others positioned man standing center scene surrounded assortment snacks,0.29207831621170044,0.30762979388237,-1.5551477670669556,71
sm_48.jpg,"In front of you, there is a shelf with a variety of bottles and cans. The bottles are arranged in rows, and some of them are placed on the shelf. The cans are also placed on the shelf, and they are positioned next to the bottles. The shelf appears to be in a store, and the items are displayed for sale.",front is shelf variety bottles cans bottles arranged rows placed shelf cans placed shelf positioned bottles shelf appears store items displayed sale,0.26363781094551086,0.23760512471199036,2.603268623352051,61
sm_49.jpg,"As a blind person, you are standing in a grocery store, surrounded by various food items. In front of you, there is a red shelf filled with different snacks. The shelf is stocked with a variety of chips, crackers, and other snack foods. Some of the chips are arranged in a row, while others are placed in clusters. The crackers are spread out across the shelf, creating a visually appealing display of snack options. The store offers a wide selection of food items, catering to different tastes and preferences.",person standing grocery store surrounded food items front is shelf filled snacks shelf stocked variety chips crackers snack foods chips arranged row others placed clusters crackers spread shelf creating appealing display snack options store offers selection food items catering tastes preferences,0.35465380549430847,0.2961917519569397,5.846205353736877,89
sm_5.jpg,"I am standing in a room with a large number of clothes hanging on racks. The clothes are arranged in various sections, with some hanging closer to the front and others further back. There are also some potted plants placed throughout the room, adding a touch of greenery to the space. The room appears to be a store or a storage area for clothing items.",standing room number clothes hanging racks clothes arranged sections hanging front others are plants placed room adding touch greenery space room appears store storage area clothing items,0.3263847529888153,0.29945001006126404,2.693474292755127,65
sm_50.jpg,"In the image, there is a man standing in a pharmacy, surrounded by numerous bottles and other items. The man appears to be looking at a counter, possibly checking the contents of the bottles. The pharmacy has a variety of items, including several bottles placed on different shelves and counters. The man seems to be focused on the items in front of him, possibly selecting or examining them. The environment appears to be a typical pharmacy setting, with a variety of products available for customers.",image is man standing pharmacy surrounded bottles items man appears looking counter checking contents bottles pharmacy has variety items including bottles placed shelves counters man seems focused items front selecting examining environment appears pharmacy setting variety products customers,0.3501724600791931,0.3504440486431122,-0.02715885639190674,85
sm_51.jpg,"I am standing in a store, surrounded by various items. There are multiple shelves filled with food, including canned goods and other food products. A person is standing nearby, possibly browsing the selection. There are also other people in the store, some of whom are closer to the front and others further back. The store appears to be well-stocked and offers a diverse range of products for customers to choose from.",standing store surrounded items are shelves filled food including canned goods food products person standing browsing selection are people store front others store appears stocked offers range products customers choose,0.30134209990501404,0.3150215446949005,-1.3679444789886475,71
sm_52.jpg,"In front of you, there is a grocery store with a large selection of snacks. The store offers a variety of chips, including Doritos, as well as other snack options. The chips are displayed on shelves, with some placed higher than others. The store appears to be well-stocked, providing a diverse range of snack choices for customers.",front is grocery store selection snacks store offers variety chips including Doritos snack options chips displayed shelves placed others store appears stocked providing range snack choices customers,0.322305828332901,0.28448620438575745,3.7819623947143555,57
sm_53.jpg,"In front of you, there is a store filled with a variety of snacks and treats. The shelves are stocked with numerous boxes of candy, cookies, and other sweet items. There are also several bottles placed throughout the store. A man is standing in the store, possibly browsing the selection of snacks. The store appears to be well-organized and inviting, with a wide assortment of products to choose from.",front is store filled variety snacks treats shelves stocked boxes candy cookies items are bottles placed store man standing store browsing selection snacks store appears organized assortment products choose,0.32561108469963074,0.30106842517852783,2.4542659521102905,69
sm_54.jpg,"In the image, there is a refrigerator with a red door, which is open and filled with chicken. A man is standing next to the refrigerator, and another man is standing further away. There are also two other people in the scene, one of whom is standing closer to the refrigerator, while the other is standing further away. The refrigerator is located in a kitchen, and there is a bowl placed on a surface nearby.",image is refrigerator door filled chicken man standing refrigerator man standing are two people scene one standing refrigerator standing refrigerator located kitchen is bowl placed surface,0.2792384922504425,0.2731010913848877,0.613740086555481,75
sm_55.jpg,"In front of you, there is a grocery store with a variety of food items displayed on shelves. The shelves are filled with different types of food, including a variety of spices and seasonings. There are also several bottles placed on the shelves, likely containing condiments or beverages. The store appears to be well-stocked, offering a wide selection of products for customers to choose from.",front is grocery store variety food items displayed shelves shelves filled types food including variety spices seasonings are bottles placed shelves containing condiments beverages store appears stocked offering selection products customers choose,0.3086405098438263,0.2880956530570984,2.0544856786727905,65
sm_56.jpg,"In front of you, there is a large display of fresh fruits, predominantly apples, arranged in various wooden baskets. The apples are placed in different sections of the display, with some closer to the front and others further back. The overall scene appears to be a fruit stand at a market, showcasing a variety of fresh produce for customers to choose from.",front is display fruits apples arranged baskets apples placed sections display front others scene appears fruit stand market showcasing variety produce customers choose,0.3181455135345459,0.32319119572639465,-0.5045682191848755,62
sm_57.jpg,"As a blind person, you are standing in front of a grocery store with a wide variety of food items displayed. The store has a large selection of milk, with multiple bottles placed on shelves. There are also several cereal boxes, with some placed on higher shelves and others on lower shelves. In addition to the milk and cereal boxes, there are numerous bottles of different shapes and sizes, some placed on higher shelves and others on lower shelves. The store also offers a variety of snacks, with multiple options available for purchase. Overall, the grocery store offers a diverse selection of food items, catering to various tastes and preferences.",person standing front grocery store variety food items displayed store has selection milk bottles placed shelves are cereal boxes placed shelves others shelves addition milk cereal boxes are bottles shapes sizes placed shelves others shelves store offers variety snacks options purchase grocery store offers selection food items catering tastes preferences,0.331587016582489,0.24270716309547424,8.887985348701477,110
sm_58.jpg,"As a blind person, I am standing in front of a store shelf filled with various food items. The shelf is divided into sections, each containing different food products. There are several bottles placed on the shelf, with some closer to the front and others further back. Additionally, there are multiple bags of food, including rice and beans, arranged on the shelf. The shelf is well-organized, making it easy for me to locate and select the items I need.",person standing front store shelf filled food items shelf divided sections containing food products are bottles placed shelf front others are bags food including rice beans arranged shelf shelf organized making locate select items need,0.30028194189071655,0.26195192337036133,3.8330018520355225,79
sm_59.jpg,"In front of you, there is a store shelf filled with a variety of snacks. The shelf is divided into sections, each containing different types of snacks. The snacks are arranged in an organized manner, making it easy for customers to find and select their desired items. The shelf is stocked with a wide assortment of snacks, including chips, crackers, and other snack foods. The store offers a diverse selection of snacks to cater to different tastes and preferences.",front is store shelf filled variety snacks shelf divided sections containing types snacks snacks arranged organized manner making customers find select desired items shelf stocked assortment snacks including chips crackers snack foods store offers selection snacks cater tastes preferences,0.3109676241874695,0.3364770710468292,-2.550944685935974,79
sm_6.jpg,"In front of you, there is a large room filled with shelves and racks displaying various shoes. The shoes are arranged in different sections, with some placed higher on the shelves and others lower. The room appears to be a shoe store, and the shoes come in different styles and colors. There are several people in the room, likely browsing or shopping for shoes. Some of them are standing closer to the shelves, while others are scattered throughout the room. The overall atmosphere of the room is busy and lively, with people engaging in their shopping activities.",front is room filled shelves racks displaying shoes shoes arranged sections placed shelves others room appears shoe store shoes come styles colors are people room browsing shopping shoes standing shelves others scattered room atmosphere room people engaging shopping activities,0.2977726459503174,0.32415249943733215,-2.637985348701477,97
sm_60.jpg,"In front of you, there is a grocery store with a variety of food items on display. The shelves are filled with bottles, some of which are placed on the floor. There are also several bowls and cups arranged throughout the store. The store appears to be well-stocked, offering a diverse selection of products for customers to choose from.",front is grocery store variety food items display shelves filled bottles placed floor are bowls cups arranged store store appears stocked offering selection products customers choose,0.2957279086112976,0.2811155915260315,1.4612317085266113,59
sm_61.jpg,"In front of you, there is a grocery store with a shelf full of various food items. The shelf is stocked with numerous boxes of cereal, including popular brands like Cheerios and Corn Flakes. The cereal boxes are arranged in an organized manner, making it easy for you to find and select your desired items. The store offers a wide variety of breakfast options for you to choose from.",front is grocery store shelf food items shelf stocked boxes cereal including brands Cheerios Corn Flakes cereal boxes arranged organized manner making find select desired items store offers variety breakfast options choose,0.2943594455718994,0.3012545108795166,-0.6895065307617188,69
sm_62.jpg,"In front of you, there is a large pile of bags filled with rice. These bags are stacked on top of each other, creating a visually striking display. The rice appears to be the main focus of the scene, with the bags occupying a significant portion of the area. The environment seems to be a store or a market, with the rice being a prominent product for sale.",front is pile bags filled rice bags stacked top creating display rice appears focus scene bags occupying portion area environment seems store market rice product sale,0.3136384189128876,0.3398611843585968,-2.622276544570923,68
sm_63.jpg,"In front of you, there is a store shelf filled with various products. The shelf is stocked with numerous bottles, some of which are placed closer to the front, while others are positioned further back. There are also several boxes on the shelf, with some located near the front and others placed towards the back. The store shelf appears to be well-organized and offers a wide selection of items for customers to choose from.",front is store shelf filled products shelf stocked bottles placed front others positioned are boxes shelf located front others placed back store shelf appears organized offers selection items customers choose,0.2863665521144867,0.25660353899002075,2.9763013124465942,74
sm_64.jpg,"In the image, a man is standing in a store, likely a grocery store, with a cart in front of him. The store is filled with various items, including multiple bottles placed on shelves and counters. There are also several bowls scattered throughout the store, some on the floor and others on the shelves. The man appears to be looking at the items in the store, possibly deciding what to purchase or organizing the cart. The overall atmosphere of the store is busy and filled with different products.",image man standing store grocery store cart front store filled items including bottles placed shelves counters are bowls scattered store floor others shelves man appears looking items store deciding purchase organizing cart atmosphere store filled products,0.29645830392837524,0.30042406916618347,-0.39657652378082275,88
sm_65.jpg,"I am standing in a grocery store, surrounded by various food items. There are shelves filled with different types of food, including a large number of boxes of cake. The cakes are arranged in different sections of the store, with some placed closer to the front and others further back. In addition to the cakes, there are several bottles scattered throughout the store. Some are placed on the shelves, while others are located on the floor or near the edges of the store. The environment is quite busy, with many different food items and bottles to explore.",standing grocery store surrounded food items are shelves filled types food including number boxes cake cakes arranged sections store placed front others addition cakes are bottles scattered store placed shelves others located floor edges store environment food items bottles explore,0.306623637676239,0.26293593645095825,4.368770122528076,97
sm_66.jpg,"In front of you, there is a shelf with a variety of food items displayed. The shelf is filled with numerous bottles, some of which are placed closer to the front, while others are positioned further back. The bottles are arranged in different orientations, creating a visually interesting scene. The shelf appears to be well-stocked, offering a diverse selection of products for customers to choose from.",front is shelf variety food items displayed shelf filled bottles placed front others positioned bottles arranged orientations creating scene shelf appears stocked offering selection products customers choose,0.27969789505004883,0.26524171233177185,1.4456182718276978,66
sm_67.jpg,"As a blind person, you are standing in a grocery store with a variety of food items displayed in front of you. There are multiple shelves filled with different products, including jams, jellies, and other food items. The shelves are organized in a way that allows you to easily locate and access the items you are looking for. The store appears to be well-stocked, providing a wide selection of products for you to choose from.",person standing grocery store variety food items displayed front are shelves filled products including jams jellies food items shelves organized way allows locate access items looking store appears stocked providing selection products choose,0.32408997416496277,0.2724742293357849,5.161574482917786,75
sm_68.jpg,"In the image, there are two men standing in a store, looking at a shelf filled with various items. One of the men is holding an orange bag. The shelf is stocked with different items, including a couple of bottles. The store appears to be well-organized, with the items neatly arranged on the shelves. The men seem to be browsing through the store, possibly considering purchasing some of the items.",image are two men standing store looking shelf filled items One men holding bag shelf stocked items including couple bottles store appears organized items arranged shelves men seem browsing store considering purchasing items,0.32816749811172485,0.30526500940322876,2.2902488708496094,70
sm_69.jpg,"In front of you, there is a shelf filled with various food items. The shelf is stocked with multiple bottles, possibly containing sauces or condiments. There are also several bowls placed on the shelf, which might contain different types of food. The arrangement of these items creates an organized and visually appealing display. The shelf is likely located in a grocery store or a similar retail environment.",front is shelf filled food items shelf stocked bottles containing sauces condiments are bowls placed shelf contain types food arrangement items creates appealing display shelf located grocery store environment,0.30719706416130066,0.2823715806007385,2.4825483560562134,67
sm_7.jpg,"The image depicts a room with a large number of shoes displayed on shelves. The shoes are arranged in various positions, with some placed closer to the front and others further back. There are also a few chairs in the room, one located near the center and another towards the right side. The room appears to be a store or a display area for shoes, with the shoes being the main focus of the scene.",image depicts room number shoes displayed shelves shoes arranged positions placed front others are chairs room one located center side room appears store display area shoes shoes focus scene,0.29958876967430115,0.30051857233047485,-0.0929802656173706,75
sm_70.jpg,"In the image, there is a man standing in a store, possibly a grocery store, with his arms crossed. He is positioned in the middle of the scene, facing the camera. The store is filled with various items, including numerous bottles placed throughout the area. Some bottles are located near the man, while others are scattered in different parts of the store. The scene gives off a busy and well-stocked atmosphere.",image is man standing store grocery store arms crossed positioned middle scene facing camera store filled items including bottles placed area bottles located man others scattered parts store scene gives stocked atmosphere,0.31094104051589966,0.31406259536743164,-0.31215548515319824,71
sm_71.jpg,"In the image, there is a person standing in a grocery store, with their arm extended and their hand pointing towards the camera. The person is wearing a red shirt and appears to be looking at the camera. The store is filled with various items, including multiple bottles placed throughout the scene. Some bottles are located near the person, while others are positioned further away. The overall atmosphere of the store suggests a busy and lively environment.",image is person standing grocery store arm extended hand pointing camera person wearing shirt appears looking camera store filled items including bottles placed scene bottles located person others positioned atmosphere store suggests environment,0.3364993929862976,0.2939207851886749,4.257860779762268,77
sm_72.jpg,"As a blind person, you are standing in a store with a variety of items on display. In front of you, there is a large wooden table with a display of small clay vases. The vases are arranged in a stack, with some placed on top of each other. There are several people in the store, with one person standing close to the left side of the image, another person in the middle, and a third person on the right side. They seem to be browsing the store or engaging in conversation. In addition to the vases, there are other objects in the store, such as a bottle located on the right side of the image, and a cup placed near the center. The store appears to be well-stocked with various items for customers to explore.",person standing store variety items display front is table display clay vases vases arranged stack placed top are people store one person standing side image person middle person side seem browsing store engaging conversation addition vases are objects store bottle located side image cup placed center store appears stocked items customers explore,0.30425897240638733,0.2772566080093384,2.700236439704895,136
sm_73.jpg,"In the image, there are two people standing in a grocery store. One person is wearing a red outfit and appears to be looking at the other person. The other person is standing near a cart filled with boxes. The store has a variety of items, including multiple bottles placed throughout the scene. The overall atmosphere of the store seems to be busy and bustling with activity.",image are two people standing grocery store One person wearing outfit appears looking person person standing cart filled boxes store has variety items including bottles placed scene atmosphere store seems bustling activity,0.3131261467933655,0.3353082537651062,-2.2182106971740723,67
sm_74.jpg,"I am standing in a store with a variety of food items displayed on shelves. There are several bags of chips, including Doritos and Lay's, arranged in different sections of the store. Some of the bags are placed higher up on the shelves, while others are positioned lower down. In addition to the chips, there are other food items visible in the store. A person can be seen in the background, likely browsing the store or shopping for groceries. The store appears to be well-stocked with a diverse selection of food products for customers to choose from.",standing store variety food items displayed shelves are bags chips including Doritos Lay arranged sections store bags placed shelves others positioned addition chips are food items store person seen background browsing store shopping groceries store appears stocked selection food products customers choose,0.33972153067588806,0.28306466341018677,5.665686726570129,97
sm_75.jpg,"In front of you, there is a shelf filled with various bags of tea. The tea bags are arranged in different sections, with some placed closer to the front and others further back. The shelf is well-stocked, and the tea bags are neatly displayed, making it easy for you to find and choose the tea you prefer. The environment appears to be a store or a place where tea is sold, and the shelf is the main focus of the scene.",front is shelf filled bags tea tea bags arranged sections placed front others shelf stocked tea bags displayed making find choose tea prefer environment appears store place tea sold shelf focus scene,0.2878832221031189,0.2552672326564789,3.2615989446640015,81
sm_76.jpg,"As a blind person, I am standing in a store with a large variety of food items. The store has a spacious layout, and the shelves are filled with different types of food. There are several bottles placed on the shelves, and some of them are placed closer to the front of the store. The store also has a counter where customers can place their orders. The overall atmosphere of the store is well-organized and inviting.",person standing store variety food items store has layout shelves filled types food are bottles placed shelves placed front store store has counter customers place orders atmosphere store organized inviting,0.2729591727256775,0.28037092089653015,-0.7411748170852661,76
sm_77.jpg,"In the image, there is a store with a man walking down the aisle. The man is wearing a striped shirt and appears to be looking at something in the distance. There are two other people in the store, one standing near the center and the other closer to the right side. The store has a variety of items on display, including multiple bottles and a few bowls. Some of the bottles are placed on shelves, while others are scattered throughout the store. The bowls are located near the center of the store, and there is a cup placed on a surface towards the left side. Overall, the scene depicts a typical grocery store with people browsing and shopping for various items.",image is store man walking aisle man wearing shirt appears looking distance are two people store one standing center side store has variety items display including bottles bowls bottles placed shelves others scattered store bowls located center store is cup placed surface side scene depicts grocery store people browsing shopping items,0.2891668975353241,0.3159780204296112,-2.681112289428711,122
sm_78.jpg,"In front of you, there is a grocery store with a wide variety of food items displayed on shelves. The shelves are filled with different types of food, including a large selection of snacks. There are also several bottles placed on the shelves, possibly containing beverages or condiments. A person is standing in the store, possibly browsing the selection or shopping for groceries. The person is positioned towards the right side of the image, and their presence adds a sense of activity to the scene.",front is grocery store variety food items displayed shelves shelves filled types food including selection snacks are bottles placed shelves containing beverages condiments person standing store browsing selection shopping groceries person positioned side image presence adds sense activity scene,0.2835516035556793,0.25372111797332764,2.9830485582351685,85
sm_79.jpg,"I am standing in a store, surrounded by various items. In front of me, there are multiple bottles of different sizes and shapes, some of which are placed on shelves. A person is standing near the bottles, holding a bag. The person appears to be wearing a red shirt. The store seems to be well-stocked with a variety of products.",standing store surrounded items front are bottles sizes shapes placed shelves person standing bottles holding bag person appears wearing shirt store seems stocked variety products,0.29974493384361267,0.30399560928344727,-0.4250675439834595,60
sm_8.jpg,"In the image, a man is standing in a room, taking a picture of himself using a cell phone. He is positioned towards the right side of the room, and the cell phone is held in his hand. The room appears to be a shoe store, with several pairs of shoes visible in the scene. Some shoes are placed on the floor, while others are hanging on the walls. The man is standing in front of a chair, which is located towards the left side of the room.",image man standing room taking picture using cell phone positioned side room cell phone held hand room appears shoe store pairs shoes scene shoes placed floor others hanging walls man standing front chair located side room,0.32639214396476746,0.30403193831443787,2.236020565032959,88
sm_80.jpg,"In the image, there is a man standing in a grocery store, surrounded by various food items. He is holding a white bag in his hand, possibly preparing to make a purchase. The man is wearing a black shirt and appears to be looking at the food options available. The grocery store is well-stocked with food items, including several bottles placed on different shelves. There are also multiple bowls and cups scattered throughout the store, indicating a variety of products for customers to choose from. The man seems to be focused on his shopping, likely considering which items to purchase.",image is man standing grocery store surrounded food items holding bag hand preparing make purchase man wearing shirt appears looking food options grocery store stocked food items including bottles placed shelves are bowls cups scattered store indicating variety products customers choose man seems focused shopping considering items purchase,0.34309840202331543,0.31393444538116455,2.916395664215088,100
sm_81.jpg,"In front of you, there is a grocery store with a variety of food items and drinks. The store has a red vending machine, which is filled with snacks and drinks. There are multiple bottles of different sizes and shapes, some placed on the shelves and others on the floor. Additionally, there are several bowls of various sizes and shapes, some of which are placed on the shelves and others on the floor. The store appears to be well-stocked and offers a wide selection of products for customers to choose from.",front is grocery store variety food items drinks store has vending machine filled snacks drinks are bottles sizes shapes placed shelves others floor are bowls sizes shapes placed shelves others floor store appears stocked offers selection products customers choose,0.2964928448200226,0.25320133566856384,4.329150915145874,91
sm_82.jpg,"In front of you, there is a shelf filled with various food items. The shelf is divided into sections, with each section containing different foods. Some of the foods include bottles, possibly containing drinks or condiments, and other items such as cakes. The shelf appears to be well-stocked and organized, making it easy for you to find and select the items you need.",front is shelf filled food items shelf divided sections section containing foods foods include bottles containing drinks condiments items cakes shelf appears stocked organized making find select items need,0.3057202994823456,0.2988826334476471,0.6837666034698486,63
sm_83.jpg,"I am standing in a store with a variety of items on display. There are multiple bottles of different sizes and shapes, some of which are placed on shelves. A refrigerator is located in the background, and a person can be seen sitting on a chair in the middle of the store. The store appears to be well-stocked and organized, making it a convenient place for shoppers to find what they need.",standing store variety items display are bottles sizes shapes placed shelves refrigerator located background person seen sitting chair middle store store appears stocked organized making place shoppers find need,0.29678189754486084,0.27855655550956726,1.822534203529358,72
sm_84.jpg,"In front of you, there is a store with a shelf filled with various candy items. The shelf is stocked with different types of candies, making it an attractive display for customers. The store appears to be well-organized and inviting, with the candy shelf being a prominent feature.",front is store shelf filled candy items shelf stocked types candies making display customers store appears organized candy shelf feature,0.2959955930709839,0.25899845361709595,3.699713945388794,48
sm_85.jpg,"In front of you, there is a store filled with various items. The store has a shelf with a variety of candy, including a bag of M&M's. There are also several other bags of candy displayed throughout the store. Additionally, there are multiple boxes of cookies placed on the shelves. The store appears to be well-stocked with a diverse selection of snacks and treats.",front is store filled items store has shelf variety candy including bag M&M are bags candy displayed store are boxes cookies placed shelves store appears stocked selection snacks treats,0.30286499857902527,0.27951496839523315,2.3350030183792114,64
sm_86.jpg,"In the image, there are two men standing in a store, possibly a grocery store or a pharmacy. One of the men is pointing at something on a shelf, while the other man is looking at him. The store has a variety of items on display, including several bottles placed on different shelves. The men are positioned in the middle of the store, with one man standing closer to the left side and the other man standing closer to the right side. The store appears to be well-stocked with various products for customers to choose from.",image are two men standing store grocery store pharmacy One men pointing shelf man looking store has variety items display including bottles placed shelves men positioned middle store one man standing side man standing side store appears stocked products customers choose,0.31484952569007874,0.29995644092559814,1.489308476448059,96
sm_87.jpg,"In the image, there is a man standing next to a refrigerator, which is placed in the middle of the scene. The refrigerator is covered with advertisements, and it appears to be an ice cream freezer. There are also two other people in the scene, one standing to the left of the refrigerator and the other person standing to the right. The environment seems to be a store or a market, with the refrigerator being a prominent feature in the scene.",image is man standing refrigerator placed middle scene refrigerator covered advertisements appears ice cream freezer are two people scene one standing left refrigerator person standing right environment seems store market refrigerator feature scene,0.2863447964191437,0.290147602558136,-0.38028061389923096,81
sm_88.jpg,"In front of you, there is a purple refrigerator with a freezer section. The freezer section is filled with various dairy products, including milk and chocolate bars. The refrigerator is placed in a room with a white wall behind it. There are no people or animals visible in the scene. The refrigerator is the main focus of the image, and it appears to be well-stocked with food items.",front is refrigerator freezer section freezer section filled dairy products including milk chocolate bars refrigerator placed room wall are people animals scene refrigerator focus image appears stocked food items,0.3135256767272949,0.2756044566631317,3.792122006416321,68
sm_89.jpg,"In front of you, there is a store filled with various items. The store has a shelf with multiple bottles of hair care products, including shampoos and conditioners. Some of the bottles are placed on the shelf, while others are positioned on the floor. The store also has a counter with a few bottles on it. The overall scene appears to be a well-stocked hair care store, with a variety of products available for purchase.",front is store filled items store has shelf bottles hair care products including shampoos conditioners bottles placed shelf others positioned floor store has counter bottles scene appears stocked hair care store variety products purchase,0.3575877547264099,0.3250240683555603,3.256368637084961,75
sm_9.jpg,"In front of you, there is a large room filled with a variety of clothing items. The room appears to be a store or a showroom, displaying a wide range of shirts and other garments. The clothing is arranged in an organized manner, with some items hanging from racks and others placed on shelves. There are two people in the room, one standing closer to the left side and the other near the right side. They seem to be browsing through the clothing options or possibly assisting customers. The room is well-lit, creating a pleasant atmosphere for shopping.",front is room filled variety clothing items room appears store showroom displaying range shirts garments clothing arranged organized manner items hanging racks others placed shelves are two people room one standing side side seem browsing clothing options assisting customers room creating atmosphere shopping,0.3202803134918213,0.3120306730270386,0.8249640464782715,98
sm_90.jpg,"In the image, a man is walking down a hallway in a grocery store. He is carrying a white bag in his hand. The hallway is lined with shelves containing various food items, such as bottles and bags. There are also several other people in the background, but they are not the main focus of the scene. The man appears to be navigating through the store, likely looking for specific items or making his way to a particular section.",image man walking hallway grocery store carrying bag hand hallway lined shelves containing food items bottles bags are people background focus scene man appears navigating store looking items making way section,0.3531385064125061,0.33792927861213684,1.5209227800369263,79
sm_91.jpg,"I am standing in a store with a variety of snacks and food items displayed on shelves. There are multiple bags of chips, including some with a 50 on them, which could be a special offer or a specific product. The chips are arranged in different sections of the store, with some placed higher up and others lower down. In addition to the chips, there are other snacks and food items available, such as candy and other treats. The store appears to be well-stocked and offers a diverse selection of products for customers to choose from.",standing store variety snacks food items displayed shelves are bags chips including 50 offer product chips arranged sections store placed others lower addition chips are snacks food items candy treats store appears stocked offers selection products customers choose,0.3421306908130646,0.3252713084220886,1.6859382390975952,96
sm_92.jpg,"In the image, a person is standing in a grocery store, surrounded by various food items. There are multiple cereal boxes displayed on shelves, with some located closer to the person and others further away. The person appears to be looking at the cereal boxes, possibly considering which one to purchase. The store seems to have a wide selection of food items, making it a convenient place for the person to shop.",image person standing grocery store surrounded food items are cereal boxes displayed shelves located person others person appears looking cereal boxes considering one purchase store seems have selection food items making place person shop,0.3451846241950989,0.296335905790329,4.88487184047699,72
sm_93.jpg,"In the image, there is a man standing in a room with a dining table and chairs. He is wearing a white outfit and appears to be eating. Another person is sitting at the dining table, and there are two more people in the room. The room has a refrigerator and a sink, and there are several bottles placed around the area. A car can be seen outside the room, and a handbag is located near the dining table. The scene appears to be a casual gathering or meal, with people enjoying their time together.",image is man standing room dining table chairs wearing outfit appears eating person sitting dining table are two people room room has refrigerator sink are bottles placed area car seen room handbag located dining table scene appears gathering meal people enjoying time,0.27710628509521484,0.23482277989387512,4.228350520133972,95
sm_94.jpg,"In the image, there is a man standing in a store, looking at another man who is standing in the aisle. The man in the aisle is holding an orange bag. The store appears to be well-stocked, with various items displayed on shelves and in the aisles. There are also other people in the store, browsing and shopping. The overall atmosphere seems to be that of a typical grocery store or marketplace.",image is man standing store looking man standing aisle man aisle holding bag store appears stocked items displayed shelves aisles are people store browsing shopping atmosphere seems grocery store marketplace,0.31152960658073425,0.29250219464302063,1.9027411937713623,72
sm_95.jpg,"In front of you, there is a shelf with a variety of cat food products. The shelf is filled with multiple bags of cat food, including a prominent bag of Topline cat food. The cat food bags are arranged in an organized manner, making it easy for you to identify and select the type of cat food you are looking for. The shelf is positioned in a way that allows you to comfortably access the cat food products.",front is shelf variety cat food products shelf filled bags cat food including bag Topline cat food cat food bags arranged organized manner making identify select type cat food looking shelf positioned way allows access cat food products,0.33980339765548706,0.3436580300331116,-0.38546323776245117,78
sm_96.jpg,"I am standing in a large room with shelves and aisles filled with various items. The room appears to be a store, possibly a grocery store, as there are many bottles and boxes on the shelves. The bottles are of different sizes and are placed in different sections of the store. The boxes are also scattered throughout the room, some on the shelves and others on the floor. The room is well-lit, and the items are neatly arranged, making it easy for customers to find what they are looking for.",standing room shelves aisles filled items room appears store grocery store are bottles boxes shelves bottles sizes placed sections store boxes scattered room shelves others floor room items arranged making customers find looking,0.30328062176704407,0.3048040568828583,-0.1523435115814209,90
sm_97.jpg,"As a blind person, I am unable to see the scene in the image. However, I can describe the environment based on the information provided. In front of me, there is a shelf with a variety of products, including a box of Ariel detergent. The detergent is displayed in several different colors, making it visually appealing. The shelf is filled with other items, creating a diverse and vibrant display.",person see scene image describe environment based information provided front is shelf variety products including box Ariel detergent detergent displayed colors making shelf filled items creating display,0.33188578486442566,0.26011309027671814,7.177269458770752,69
sm_98.jpg,"In front of you, there is a store display with a variety of products. The display features a red shelf with multiple bottles of drinks, including a bottle of Colgate toothpaste. There are also several boxes of candy placed on the shelf. The display is well-organized, making it easy for you to find and choose the items you want. The store appears to be well-stocked with a diverse selection of products to choose from.",front is store display variety products display features shelf bottles drinks including bottle Colgate toothpaste are boxes candy placed shelf display organized making find choose items want store appears stocked selection products choose,0.3170931935310364,0.2969644367694855,2.0128756761550903,74
sm_99.jpg,"In front of you, there is a large grocery store with a variety of products. The store has aisles filled with items such as bottles, cups, and bowls. There are also several shelves with different products, including a refrigerator. The store appears to be well-stocked and organized, making it easy for customers to find what they need. The environment is clean and well-maintained, providing a pleasant shopping experience for all customers.",front is grocery store variety products store has aisles filled items bottles cups bowls are shelves products including refrigerator store appears stocked organized making customers find need environment maintained providing shopping experience customers,0.2920249104499817,0.2859269082546234,0.6098002195358276,71
